id,subzone,planning_area,population_chinese_male,population_chinese_female,population_malays_male,population_malays_female,population_indians_male,population_indians_female,population_others_male,population_others_female,subzone_size,population_density
940,TENGEH,TUAS,-,-,-,-,-,-,-,-,2.251,0.0
668,LIU FANG,BOON LAY,-,-,-,-,-,-,-,-,2.339,0.0
669,SAMULUN,BOON LAY,-,-,-,-,-,-,-,-,1.929,0.0
670,SHIPYARD,BOON LAY,-,-,-,-,-,-,-,-,2.104,0.0
671,TUKANG,BOON LAY,-,-,-,-,-,-,-,-,1.881,0.0
672,BRICKWORKS,BUKIT BATOK,-,-,-,-,-,-,-,-,1.232,0.0
673,BUKIT BATOK CENTRAL,BUKIT BATOK,9700,10110,1580,1660,1220,1190,270,320,0.8003,12520.3
674,BUKIT BATOK EAST,BUKIT BATOK,4580,4750,1590,1530,970,840,150,170,0.3802,12493.4
675,BUKIT BATOK SOUTH,BUKIT BATOK,5120,5340,760,810,800,750,190,180,1.806,2934.7
676,BUKIT BATOK WEST,BUKIT BATOK,5270,5480,1200,1230,860,850,130,170,0.5275,10312.8
677,GOMBAK,BUKIT BATOK,4110,4240,310,320,320,310,100,120,2.456,1722.3
678,GUILIN,BUKIT BATOK,4500,4800,920,1000,750,720,220,220,1.085,4350.2
679,HILLVIEW,BUKIT BATOK,7580,8170,150,190,550,590,510,470,1.994,4037.1
680,HONG KAH NORTH,BUKIT BATOK,9190,9140,3180,3140,1570,1420,310,380,0.8592,11138.3
681,ALEXANDRA HILL,BUKIT MERAH,5570,5770,1170,1130,860,840,120,190,1.03,5592.2
682,ALEXANDRA NORTH,BUKIT MERAH,340,410,-,10,60,80,50,50,0.2937,1327.9
683,BUKIT HO SWEE,BUKIT MERAH,6310,6740,780,730,700,640,190,210,0.5517,11818.0
684,BUKIT MERAH,BUKIT MERAH,490,530,10,10,70,60,10,10,0.4117,1214.5
685,CITY TERMINALS,BUKIT MERAH,-,-,-,-,-,-,-,-,3.444,0.0
686,DEPOT ROAD,BUKIT MERAH,2050,2270,70,80,240,250,120,120,0.4423,4906.2
687,EVERTON PARK,BUKIT MERAH,3230,3680,330,340,510,510,200,220,0.6357,5427.1
688,HENDERSON HILL,BUKIT MERAH,4520,4640,1010,1000,710,660,130,200,0.5952,7930.1
689,KAMPONG TIONG BAHRU,BUKIT MERAH,4000,4060,530,520,610,540,80,130,0.3653,11305.8
690,MARITIME SQUARE,BUKIT MERAH,840,960,20,20,120,140,230,230,2.663,401.8
691,REDHILL,BUKIT MERAH,4730,5140,500,510,520,490,150,180,0.3876,12667.7
692,SINGAPORE GENERAL HOSPITAL,BUKIT MERAH,-,-,-,-,-,-,-,-,0.533,0.0
693,TELOK BLANGAH DRIVE,BUKIT MERAH,5930,6610,670,680,900,840,150,230,1.455,4233.7
694,TELOK BLANGAH RISE,BUKIT MERAH,5330,5850,380,380,800,790,130,160,0.5335,10290.5
695,TELOK BLANGAH WAY,BUKIT MERAH,4000,4050,720,640,560,510,80,140,0.2768,14956.6
799,BRAS BASAH,MUSEUM,-,-,-,-,-,-,-,-,0.2188,0.0
727,CLEMENTI WOODS,CLEMENTI,5840,6370,1010,1040,770,780,280,320,1.058,5822.3
729,PANDAN,CLEMENTI,-,-,-,-,-,-,-,-,1.202,0.0
730,SUNSET WAY,CLEMENTI,2400,2820,100,120,190,200,230,230,0.9639,2728.5
731,TOH TUCK,CLEMENTI,-,-,-,-,-,-,-,-,2.078,0.0
732,WEST COAST,CLEMENTI,2630,2660,20,20,150,150,130,130,0.7226,3819.5
733,ANSON,DOWNTOWN CORE,-,-,-,-,-,-,-,-,0.1032,0.0
734,BAYFRONT SUBZONE,DOWNTOWN CORE,-,-,-,-,-,-,-,-,0.5212,0.0
735,BUGIS,DOWNTOWN CORE,1000,1100,10,10,80,90,30,20,0.2802,3640.3
736,CECIL,DOWNTOWN CORE,50,40,-,10,10,10,30,10,0.1966,305.2
737,CENTRAL SUBZONE,DOWNTOWN CORE,140,160,10,-,20,20,60,60,0.9793,204.2
738,CITY HALL,DOWNTOWN CORE,-,-,-,-,-,-,-,-,0.7106,0.0
767,TOH GUAN,JURONG EAST,6210,6270,950,980,860,780,220,240,0.7469,8635.7
768,YUHUA EAST,JURONG EAST,9830,10330,1870,1860,1550,1450,260,310,0.9248,10964.5
769,YUHUA WEST,JURONG EAST,7360,7410,1610,1650,1200,1100,250,290,0.7761,9857.0
770,BOON LAY PLACE,JURONG WEST,10230,9670,3770,3640,1590,1400,360,440,0.9063,11773.1
771,CHIN BEE,JURONG WEST,-,-,-,-,-,-,-,-,1.288,0.0
772,HONG KAH,JURONG WEST,19240,19680,5330,5290,3190,2810,620,700,1.793,11121.0
773,JURONG WEST CENTRAL,JURONG WEST,25940,25880,4280,4260,2960,2630,1100,1160,1.405,19288.3
774,KIAN TECK,JURONG WEST,-,-,-,-,-,-,-,-,2.098,0.0
775,SAFTI,JURONG WEST,-,-,-,-,-,-,-,-,1.525,0.0
776,TAMAN JURONG,JURONG WEST,12910,12950,3150,3160,2020,1840,420,480,1.484,9022.9
777,WENYA,JURONG WEST,2930,2890,750,690,590,510,130,130,1.975,1549.4
778,YUNNAN,JURONG WEST,24210,23660,7200,7110,4070,3470,520,640,2.206,11264.7
651,TAGORE,ANG MO KIO,3540,3900,40,40,270,290,140,140,3.334,1103.8
779,BENDEMEER,KALLANG,13190,14090,800,760,2300,2090,270,330,1.377,9818.4
780,BOON KENG,KALLANG,4220,4460,620,630,400,410,100,130,0.4109,10586.5
781,CRAWFORD,KALLANG,3630,2960,900,820,720,420,130,160,0.236,16059.3
782,GEYLANG BAHRU,KALLANG,4770,4800,790,800,810,690,80,140,0.7355,6675.7
783,KALLANG BAHRU,KALLANG,-,-,-,-,-,-,-,-,0.8397,0.0
784,KAMPONG BUGIS,KALLANG,370,360,10,20,50,40,20,20,0.7422,525.5
785,KAMPONG JAVA,KALLANG,4290,4480,180,200,890,800,190,240,1.052,4306.1
786,LAVENDER,KALLANG,3740,3500,500,450,990,790,180,170,0.7569,5165.8
787,TANJONG RHU,KALLANG,3190,3740,250,240,1430,1660,420,380,2.051,1740.6
788,LIM CHU KANG,LIM CHU KANG,-,-,-,-,-,-,-,-,17.28,0.0
789,MANDAI EAST,MANDAI,-,-,-,-,-,-,-,-,7.236,0.0
790,MANDAI ESTATE,MANDAI,810,900,40,60,120,120,30,40,0.1431,5939.9
791,MANDAI WEST,MANDAI,-,-,-,-,-,-,-,-,4.388,0.0
792,MARINA EAST,MARINA EAST,-,-,-,-,-,-,-,-,1.451,0.0
793,MARINA SOUTH,MARINA SOUTH,-,-,-,-,-,-,-,-,1.325,0.0
794,EAST COAST,MARINE PARADE,-,-,-,-,-,-,-,-,0.5855,0.0
795,KATONG,MANDAI,3910,4360,50,50,370,350,300,230,1.079,3836.9
796,MARINA EAST (MP),MANDAI,-,-,-,-,-,-,-,-,1.584,0.0
797,MARINE PARADE,MANDAI,9820,11450,1610,1720,1400,1480,680,770,1.16,9129.3
798,MOUNTBATTEN,MANDAI,3340,3750,30,50,1160,1260,300,310,1.712,2132.0
800,DHOBY GHAUT,MUSEUM,70,80,-,-,10,-,30,20,0.222,405.4
801,FORT CANNING,MUSEUM,30,40,-,-,20,10,40,30,0.3887,154.4
802,CAIRNHILL,NEWTON,1080,1310,10,20,190,210,280,250,0.4515,2945.7
803,GOODWOOD PARK,NEWTON,300,380,-,-,50,40,70,60,0.3513,1024.8
804,ISTANA NEGARA,NEWTON,-,-,-,-,-,-,-,-,0.5435,0.0
805,MONK'S HILL,NEWTON,330,380,-,10,70,50,80,70,0.1726,2317.5
806,NEWTON CIRCUS,NEWTON,60,60,-,-,10,10,40,30,0.2135,421.5
807,ORANGE GROVE,NEWTON,420,530,-,10,60,70,170,170,0.3362,1754.9
808,NORTH-EASTERN ISLANDS,NORTH-EASTERN ISLANDS,-,-,-,-,-,-,-,-,0.8814,0.0
809,BALESTIER,NOVENA,12520,13410,980,1020,1600,1530,600,690,1.927,6855.2
810,DUNEARN,NOVENA,1480,1770,10,10,150,150,160,180,1.23,1349.6
811,MALCOLM,NOVENA,960,1180,10,10,70,70,160,180,1.319,864.3
812,MOULMEIN,NOVENA,3440,3600,40,40,310,280,380,390,1.347,2843.4
813,MOUNT PLEASANT,NOVENA,250,250,-,-,20,30,40,50,3.145,95.4
814,BOULEVARD,ORCHARD,130,160,-,-,10,10,60,30,0.4606,347.4
815,SOMERSET,ORCHARD,30,50,-,-,10,10,20,10,0.3294,121.4
816,TANGLIN,ORCHARD,100,140,-,-,20,20,50,60,0.1675,955.2
817,CHINA SQUARE,OUTRAM,740,800,-,-,10,10,10,10,0.133,5639.1
818,CHINATOWN,OUTRAM,4790,5270,310,310,440,430,180,160,0.5872,8429.8
819,PEARL'S HILL,OUTRAM,3260,2800,670,640,420,260,80,100,0.5616,5982.9
820,PEOPLE'S PARK,OUTRAM,180,190,-,-,10,-,-,10,0.09135,2079.9
821,FLORA DRIVE,PASIR RIS,4930,5230,510,560,610,550,290,280,0.945,5513.2
822,LOYANG EAST,PASIR RIS,820,820,40,50,120,140,90,110,0.9721,956.7
823,LOYANG WEST,PASIR RIS,70,80,10,10,10,-,10,-,2.105,33.3
824,PASIR RIS CENTRAL,PASIR RIS,9300,9600,1870,1930,1070,1010,460,500,1.511,6485.8
825,PASIR RIS DRIVE,PASIR RIS,17800,18320,8010,8020,2600,2400,1110,1230,1.64,11603.7
826,PASIR RIS PARK,PASIR RIS,1080,1160,160,180,120,100,110,80,1.671,694.2
827,PASIR RIS WAFER FAB PARK,PASIR RIS,-,-,-,-,-,-,-,-,4.608,0.0
828,PASIR RIS WEST,PASIR RIS,12150,12540,3520,3570,1620,1560,660,720,1.583,8130.1
829,AIRPORT ROAD,PAYA LEBAR,-,-,-,-,-,-,-,-,0.4829,0.0
830,PAYA LEBAR EAST,PAYA LEBAR,-,-,-,-,-,-,-,-,2.259,0.0
831,PAYA LEBAR NORTH,PAYA LEBAR,-,-,-,-,-,-,-,-,1.287,0.0
832,PAYA LEBAR WEST,PAYA LEBAR,-,-,-,-,-,-,-,-,0.6017,0.0
833,PLAB,PAYA LEBAR,-,-,-,-,-,-,-,-,7.054,0.0
834,BENOI SECTOR,PIONEER,-,-,-,-,-,-,-,-,2.043,0.0
835,GUL BASIN,PIONEER,-,-,-,-,-,-,-,-,1.749,0.0
836,GUL CIRCLE,PIONEER,-,-,-,-,-,-,-,-,3.26,0.0
837,JOO KOON,PIONEER,-,-,-,-,-,-,-,-,2.349,0.0
838,PIONEER SECTOR,PIONEER,-,-,-,-,-,-,-,-,2.727,0.0
839,CONEY ISLAND,PUNGGOL,-,-,-,-,-,-,-,-,1.197,0.0
840,MATILDA,PUNGGOL,11510,11780,"2,150","2,310","1,000",990,300,410,1.35,8829.6
841,NORTHSHORE,PUNGGOL,120,120,-,-,20,10,10,10,1.371,94.8
842,PUNGGOL CANAL,PUNGGOL,-,-,-,-,-,-,-,-,1.252,0.0
843,PUNGGOL FIELD,PUNGGOL,16690,17280,2280,2400,1760,1640,580,670,1.379,12588.8
844,PUNGGOL TOWN CENTRE,PUNGGOL,2920,3110,440,420,170,180,70,90,1.191,2527.3
845,WATERWAY EAST,PUNGGOL,10650,10720,2230,2260,1000,950,220,330,1.489,7374.1
846,COMMONWEALTH,QUEENSTOWN,2810,3220,560,610,310,280,150,200,0.3105,9694.0
847,DOVER,QUEENSTOWN,5000,5470,520,530,620,590,220,250,1.38,3804.3
848,GHIM MOH,QUEENSTOWN,4310,4930,730,800,420,410,130,180,0.4856,9246.3
849,HOLLAND DRIVE,QUEENSTOWN,5350,6440,550,640,390,370,230,260,0.4707,11918.4
850,KENT RIDGE,QUEENSTOWN,310,370,10,10,110,90,90,100,1.827,224.4
851,MARGARET DRIVE,QUEENSTOWN,4240,4770,160,170,410,430,160,170,1.027,4294.1
852,MEI CHIN,QUEENSTOWN,6150,6900,740,780,850,890,200,250,0.7487,8548.2
853,NATIONAL UNIVERSITY OF S'PORE,QUEENSTOWN,80,240,-,-,10,10,10,20,1.753,57.0
854,ONE NORTH,QUEENSTOWN,180,220,-,-,30,20,90,80,2.003,129.8
855,PASIR PANJANG 1,QUEENSTOWN,1620,1800,20,20,110,120,170,140,1.085,1622.1
856,PASIR PANJANG 2,QUEENSTOWN,1350,1470,40,40,130,120,190,190,0.8532,1805.0
857,PORT,QUEENSTOWN,60,60,-,-,10,10,-,-,7.478,8.0
858,QUEENSWAY,QUEENSTOWN,100,110,-,10,20,10,20,10,0.6289,174.9
859,SINGAPORE POLYTECHNIC,QUEENSTOWN,60,60,-,-,10,10,10,10,0.9475,73.9
860,TANGLIN HALT,QUEENSTOWN,4510,5240,880,880,620,600,200,240,0.5573,8523.2
861,INSTITUTION HILL,RIVER VALLEY,1140,1300,10,20,230,260,220,210,0.3926,3438.6
862,LEONIE HILL,RIVER VALLEY,700,820,10,20,220,280,200,210,0.3685,2469.5
863,ONE TREE HILL,RIVER VALLEY,570,710,10,10,90,120,170,170,0.3407,2172.0
864,OXLEY,RIVER VALLEY,480,620,10,10,40,30,110,90,0.2008,2838.6
865,PATERSON,RIVER VALLEY,50,70,-,-,10,-,20,10,0.1731,346.6
866,BENCOOLEN,ROCHOR,480,560,20,20,150,150,40,40,0.1707,3046.3
867,FARRER PARK,ROCHOR,1040,1050,30,40,530,380,20,40,0.2181,4951.9
868,KAMPONG GLAM,ROCHOR,30,20,20,10,50,20,20,-,0.1713,175.1
869,LITTLE INDIA,ROCHOR,1390,1420,20,20,600,370,20,20,0.2783,5066.5
870,MACKENZIE,ROCHOR,40,40,-,-,10,10,10,10,0.05568,898.0
871,MOUNT EMILY,ROCHOR,370,460,10,10,40,30,110,80,0.194,2319.6
872,ROCHOR CANAL,ROCHOR,-,-,-,-,-,-,-,-,0.1202,0.0
873,SELEGIE,ROCHOR,90,90,-,-,40,30,10,10,0.04963,2014.9
874,SUNGEI ROAD,ROCHOR,830,780,210,210,180,180,20,20,0.1163,7308.7
875,VICTORIA,ROCHOR,830,950,10,20,110,90,30,30,0.2142,4014.9
876,PULAU PUNGGOL BARAT,SELETAR,-,-,-,-,-,-,-,-,2.045,0.0
877,PULAU PUNGGOL TIMOR,SELETAR,-,-,-,-,-,-,-,-,1.212,0.0
878,SELETAR,SELETAR,80,90,-,-,20,10,30,30,3.733,29.5
879,SELETAR AEROSPACE PARK,SELETAR,-,-,-,-,-,-,-,-,3.623,0.0
880,ADMIRALTY,SEMBAWANG,5060,5180,1120,1170,670,660,270,270,1.262,4223.5
881,SEMBAWANG CENTRAL,SEMBAWANG,10460,10930,1830,1890,1380,1310,660,680,0.9614,11587.3
882,SEMBAWANG EAST,SEMBAWANG,-,-,-,-,-,-,-,-,0.7581,0.0
883,SEMBAWANG NORTH,SEMBAWANG,9500,9640,1980,2060,1310,1140,600,630,1.394,7266.9
884,SEMBAWANG SPRINGS,SEMBAWANG,1730,1830,70,90,250,220,60,70,1.099,1637.9
885,SEMBAWANG STRAITS,SEMBAWANG,650,620,50,50,130,110,50,30,1.303,521.9
886,SENOKO NORTH,SEMBAWANG,-,-,-,-,-,-,-,-,2.237,0.0
645,ANG MO KIO TOWN CENTRE,ANG MO KIO,2020,2240,90,120,170,190,100,90,0.3169,6658.3
646,CHENG SAN,ANG MO KIO,11890,12770,1080,1060,1210,1170,230,370,0.9557,12828.3
647,CHONG BOON,ANG MO KIO,11150,11760,950,1010,1230,1170,260,370,1.079,10676.6
648,KEBUN BAHRU,ANG MO KIO,9160,10060,1090,1110,940,960,270,330,1.046,9072.7
649,SEMBAWANG HILLS,ANG MO KIO,2850,3230,50,50,230,270,110,110,0.8945,3309.1
650,SHANGRI-LA,ANG MO KIO,6810,7090,1200,1210,920,880,170,240,0.6879,10248.6
652,TOWNSVILLE,ANG MO KIO,9320,10310,800,860,930,970,250,330,0.5464,17661.1
653,YIO CHU KANG,ANG MO KIO,-,-,-,-,-,-,-,-,0.9094,0.0
654,YIO CHU KANG EAST,ANG MO KIO,1790,1830,30,30,140,160,60,50,1.862,988.2
655,YIO CHU KANG NORTH,ANG MO KIO,-,-,-,-,-,-,-,-,1.465,0.0
656,YIO CHU KANG WEST,ANG MO KIO,10330,11220,1110,1160,1000,1060,310,370,0.8461,12646.3
657,BAYSHORE,BEDOK,2450,2790,50,80,670,680,410,340,2.507,1112.9
658,BEDOK NORTH,BEDOK,29010,30860,8510,8520,3310,3120,1150,1450,3.204,9506.9
659,BEDOK RESERVOIR,BEDOK,9240,9660,1810,1900,1020,1000,350,420,2.379,4060.5
660,BEDOK SOUTH,BEDOK,18950,20160,2900,2990,1960,1820,1200,1210,2.997,6726.7
661,FRANKEL,BEDOK,12840,14590,520,640,1360,1310,1200,1110,4.297,3246.5
662,KAKI BUKIT,BEDOK,12900,13280,4840,4910,1980,1800,510,610,2.821,4789.1
663,KEMBANGAN,BEDOK,13350,13820,2970,3250,1900,1750,650,750,2.387,5907.0
664,SIGLAP,BEDOK,2270,2710,40,70,680,730,220,210,1.086,2283.6
665,BISHAN EAST,BISHAN,11440,12580,690,770,1280,1280,360,430,1.794,6616.5
666,MARYMOUNT,BISHAN,13440,13660,600,670,1190,1110,430,450,1.964,7072.3
667,UPPER THOMSON,BISHAN,12600,13500,500,540,1060,1080,530,520,3.85,3407.8
696,TIONG BAHRU,BUKIT MERAH,5050,5750,90,140,370,390,190,210,0.4481,11738.5
697,TIONG BAHRU STATION,BUKIT MERAH,6500,7280,460,500,690,670,280,300,0.3508,19384.3
698,BANGKIT,BUKIT PANJANG,8860,8910,2080,2070,790,710,170,210,0.7632,11884.2
699,DAIRY FARM,BUKIT PANJANG,2260,2410,40,40,180,170,150,150,1.236,1949.8
700,FAJAR,BUKIT PANJANG,9290,9400,2780,2670,1080,1010,240,310,0.6684,14362.7
701,JELEBU,BUKIT PANJANG,12860,13040,2240,2240,1220,1150,350,380,0.9112,14530.3
702,NATURE RESERVE,BUKIT PANJANG,1480,1710,30,50,130,140,180,160,4.141,396.0
703,SAUJANA,BUKIT PANJANG,9100,9180,2300,2250,1090,1100,220,280,0.675,13896.3
704,SENJA,BUKIT PANJANG,7360,7440,1740,1700,780,760,190,250,0.6249,12177.9
705,ANAK BUKIT,BUKIT TIMAH,9600,10490,100,120,410,440,420,410,2.773,3609.8
706,CORONATION ROAD,BUKIT TIMAH,2500,2880,10,20,130,160,210,280,1.425,1950.9
707,FARRER COURT,BUKIT TIMAH,1860,2130,70,80,120,110,150,170,0.5588,3632.8
708,HILLCREST,BUKIT TIMAH,3270,4060,20,50,250,300,410,470,2.636,1418.8
709,HOLLAND ROAD,BUKIT TIMAH,3850,4930,30,50,190,250,480,500,3.387,1284.3
710,LEEDON PARK,BUKIT TIMAH,2170,2670,30,50,200,200,480,460,2.039,1289.8
711,SWISS CLUB,BUKIT TIMAH,2150,2500,30,40,160,140,250,280,3.469,700.5
712,ULU PANDAN,BUKIT TIMAH,4340,4760,20,50,300,300,480,480,1.227,3928.3
713,CENTRAL WATER CATCHMENT,CENTRAL WATER CATCHMENT,-,-,-,-,-,-,-,-,37.16,0.0
714,CHANGI AIRPORT,CHANGI,-,-,-,-,-,-,-,-,35.04,0.0
715,CHANGI POINT,CHANGI,220,210,110,110,40,30,50,30,0.9032,276.8
716,CHANGI WEST,CHANGI,360,410,280,220,210,190,30,30,4.757,82.0
717,CHANGI BAY,CHANGI BAY,-,-,-,-,-,-,-,-,1.912,0.0
718,CHOA CHU KANG CENTRAL,CHOA CHU KANG,7950,8130,1470,1500,900,870,290,310,1.096,7536.5
719,CHOA CHU KANG NORTH,CHOA CHU KANG,12170,12440,2720,2790,1630,1640,480,510,1.089,11643.7
720,KEAT HONG,CHOA CHU KANG,5520,5580,1280,1190,880,850,190,190,1.144,4991.3
721,PENG SIANG,CHOA CHU KANG,10920,10920,3070,2930,1740,1670,420,450,0.8627,13179.6
722,TECK WHYE,CHOA CHU KANG,8790,8630,3200,3150,1390,1360,210,310,1.003,9072.8
723,YEW TEE,CHOA CHU KANG,16040,16370,3200,3120,1830,1720,720,720,0.9232,18154.2
724,CLEMENTI CENTRAL,CLEMENTI,4980,5500,780,800,500,480,210,240,0.7492,6967.4
725,CLEMENTI NORTH,CLEMENTI,10380,12010,1630,1700,1050,1060,400,490,0.9911,10967.6
726,CLEMENTI WEST,CLEMENTI,5450,5860,1370,1330,1020,960,230,250,0.6975,8172.0
728,FABER,CLEMENTI,1830,1920,20,20,150,160,100,130,0.9482,2067.1
887,SENOKO SOUTH,SEMBAWANG,-,-,-,-,-,-,-,-,1.743,0.0
888,THE WHARVES,SEMBAWANG,-,-,-,-,-,-,-,-,1.603,0.0
889,ANCHORVALE,SENGKANG,14500,15090,1970,1990,1740,1700,470,580,1.497,10073.5
890,COMPASSVALE,SENGKANG,7680,8070,700,730,520,500,140,170,1.093,7182.1
891,FERNVALE,SENGKANG,13330,13670,2570,2600,1290,1200,380,560,2.392,5806.9
892,LORONG HALUS NORTH,SENGKANG,-,-,-,-,-,-,-,-,0.9249,0.0
893,RIVERVALE,SENGKANG,22530,22930,3330,3490,3020,3040,710,800,1.569,14869.3
894,SENGKANG TOWN CENTRE,SENGKANG,21020,21760,2560,2650,2660,2530,680,830,1.461,14955.5
895,SENGKANG WEST,SENGKANG,-,-,-,-,-,-,-,-,1.667,0.0
896,LORONG CHUAN,SERANGOON,3610,3960,20,20,210,220,170,180,1.18,3211.9
897,SELETAR HILLS,SERANGOON,5910,6130,60,80,490,440,250,210,2.331,2625.5
898,SERANGOON CENTRAL,SERANGOON,10510,11610,600,590,1290,1300,270,320,1.062,10197.7
899,SERANGOON GARDEN,SERANGOON,15490,17030,1010,980,1710,1770,540,650,3.023,5339.1
900,SERANGOON NORTH,SERANGOON,6830,6980,650,660,1010,970,170,210,0.6847,10281.9
901,SERANGOON NORTH IND ESTATE,SERANGOON,-,-,-,-,-,-,-,-,0.9214,0.0
902,UPPER PAYA LEBAR,SERANGOON,6520,6860,240,260,670,670,160,170,0.8986,7444.9
903,PULAU SELETAR,SIMPANG,-,-,-,-,-,-,-,-,0.4189,0.0
904,SIMPANG NORTH,SIMPANG,-,-,-,-,-,-,-,-,3.023,0.0
905,SIMPANG SOUTH,SIMPANG,-,-,-,-,-,-,-,-,1.701,0.0
906,TANJONG IRAU,SIMPANG,-,-,-,-,-,-,-,-,0.4154,0.0
907,BOAT QUAY,SINGAPORE RIVER,60,50,-,-,10,10,40,20,0.1608,497.5
908,CLARKE QUAY,SINGAPORE RIVER,40,30,-,-,10,10,20,10,0.2902,172.3
909,ROBERTSON QUAY,SINGAPORE RIVER,740,950,10,10,100,90,290,240,0.5066,1934.5
910,SENTOSA,SOUTHERN ISLANDS,360,440,10,20,70,70,280,220,4.766,121.7
911,SOUTHERN GROUP,SOUTHERN ISLANDS,-,-,-,-,-,-,-,-,1.403,0.0
912,STRAITS VIEW,STRAITS VIEW,-,-,-,-,-,-,-,-,0.787,0.0
913,GALI BATU,SUNGEI KADUT,40,70,-,-,10,-,-,10,5.186,9.6
914,KRANJI,SUNGEI KADUT,-,-,-,-,-,-,-,-,2.772,0.0
915,PANG SUA,SUNGEI KADUT,-,-,-,-,-,-,-,-,2.175,0.0
916,RESERVOIR VIEW,SUNGEI KADUT,-,-,-,-,-,-,-,-,2.525,0.0
917,TURF CLUB,SUNGEI KADUT,280,270,-,-,40,50,10,10,3.291,88.1
918,SIMEI,TAMPINES,14930,16030,2520,2610,2420,2400,850,960,2.777,5722.0
919,TAMPINES EAST,TAMPINES,43580,45730,16800,17220,5500,5300,2020,2340,4.344,10570.9
920,TAMPINES NORTH,TAMPINES,-,-,-,-,-,-,-,-,2.543,0.0
921,TAMPINES WEST,TAMPINES,26290,27300,8410,8380,3010,2790,890,1030,3.475,7861.9
922,XILIN,TAMPINES,810,800,30,40,80,60,50,50,7.622,112.8
923,CHATSWORTH,TANGLIN,1800,2160,20,30,400,460,430,440,1.346,1664.2
924,NASSIM,TANGLIN,2930,3600,40,50,330,320,530,540,2.096,1655.5
925,RIDOUT,TANGLIN,470,580,-,-,60,70,120,110,1.952,297.1
926,TYERSALL,TANGLIN,1220,1410,20,30,130,160,290,270,2.158,690.5
927,TENGAH,TENGAH,-,-,-,-,-,-,-,-,7.363,0.0
928,BIDADARI,TOA PAYOH,-,-,-,-,-,-,-,-,0.5725,0.0
929,BOON TECK,TOA PAYOH,5480,5870,1120,1160,620,570,120,160,0.4187,13470.3
930,BRADDELL,TOA PAYOH,3930,4430,670,650,400,370,160,160,0.4462,9166.3
931,JOO SENG,TOA PAYOH,2880,2900,120,110,290,270,70,80,1.057,2800.4
932,KIM KEAT,TOA PAYOH,3420,3630,260,270,400,410,100,120,0.3698,9572.7
933,LORONG 8 TOA PAYOH,TOA PAYOH,3240,3490,370,380,280,270,80,100,0.4397,7596.1
934,PEI CHUN,TOA PAYOH,4650,5060,500,510,380,350,140,200,0.4114,11789.0
935,POTONG PASIR,TOA PAYOH,5060,5270,350,330,740,670,110,130,0.6391,8120.8
936,SENNETT,TOA PAYOH,1950,2150,30,40,140,140,40,50,0.8678,2304.7
937,TOA PAYOH CENTRAL,TOA PAYOH,11850,13540,1170,1210,940,1040,450,550,1.107,11201.4
938,TOA PAYOH WEST,TOA PAYOH,5090,6150,310,320,470,430,280,320,1.037,5217.0
939,WOODLEIGH,TOA PAYOH,1080,1130,10,10,60,60,50,50,0.8134,1389.2
941,TUAS BAY,TUAS,-,-,-,-,-,-,-,-,4.048,0.0
942,TUAS NORTH,TUAS,-,-,-,-,-,-,-,-,3.26,0.0
943,TUAS PROMENADE,TUAS,-,-,-,-,-,-,-,-,3.186,0.0
944,TUAS VIEW,TUAS,-,-,-,-,-,-,-,-,4.472,0.0
945,TUAS VIEW EXTENSION,TUAS,-,-,-,-,-,-,-,-,15.47,0.0
946,JURONG ISLAND AND BUKOM,WESTERN ISLANDS,-,-,-,-,-,-,-,-,35.44,0.0
947,SEMAKAU,WESTERN ISLANDS,-,-,-,-,-,-,-,-,3.276,0.0
948,SUDONG,WESTERN ISLANDS,-,-,-,-,-,-,-,-,3.781,0.0
949,WESTERN WATER CATCHMENT,WESTERN WATER CATCHMENT,320,410,-,-,40,50,30,40,69.63,5.2
950,GREENWOOD PARK,WOODLANDS,-,-,-,-,-,-,-,-,1.281,0.0
951,MIDVIEW,WOODLANDS,10550,10580,4810,4870,2060,1860,360,430,0.9364,11725.8
952,NORTH COAST,WOODLANDS,4180,3960,2130,2110,1000,940,130,140,2.407,1794.8
953,SENOKO WEST,WOODLANDS,-,-,-,-,-,-,-,-,0.9059,0.0
739,CLIFFORD PIER,DOWNTOWN CORE,-,-,-,-,-,-,-,-,0.2618,0.0
740,MARINA CENTRE,DOWNTOWN CORE,-,-,-,-,-,-,-,-,0.8869,0.0
741,MAXWELL,DOWNTOWN CORE,-,-,-,-,-,-,-,-,0.06367,0.0
742,PHILLIP,DOWNTOWN CORE,-,-,-,-,-,-,-,-,0.03944,0.0
743,RAFFLES PLACE,DOWNTOWN CORE,-,-,-,-,-,-,-,-,0.1888,0.0
744,TANJONG PAGAR,DOWNTOWN CORE,160,170,-,-,50,20,80,50,0.1455,1443.3
745,ALJUNIED,GEYLANG,17130,17380,1510,1510,1410,1270,720,770,2.961,6045.3
746,GEYLANG EAST,GEYLANG,11690,12260,2460,2680,1570,1500,590,630,2.578,4778.9
747,KALLANG WAY,GEYLANG,-,-,-,-,-,-,-,-,0.9635,0.0
748,KAMPONG UBI,GEYLANG,4400,4400,1450,1410,640,550,180,190,1.878,2444.1
749,MACPHERSON,GEYLANG,10310,10460,2120,2130,1580,1380,300,350,1.263,8440.2
750,DEFU INDUSTRIAL PARK,HOUGANG,-,-,-,-,-,-,-,-,1.974,0.0
751,HOUGANG CENTRAL,HOUGANG,2110,2060,130,120,160,180,40,40,0.4417,4867.6
752,HOUGANG EAST,HOUGANG,8840,9080,900,950,880,900,150,240,0.8427,10774.9
753,HOUGANG WEST,HOUGANG,19880,20390,2380,2410,2120,2000,400,540,1.329,15364.9
754,KANGKAR,HOUGANG,10670,10930,900,930,1080,1020,240,320,1.007,10913.6
755,KOVAN,HOUGANG,11130,11820,280,310,760,740,300,300,1.949,5864.5
756,LORONG AH SOO,HOUGANG,13450,14930,1300,1300,1280,1300,280,340,1.516,9096.3
757,LORONG HALUS,HOUGANG,-,-,-,-,-,-,-,-,1.334,0.0
758,TAI SENG,HOUGANG,5770,6210,610,650,630,560,120,160,1.796,3301.8
759,TRAFALGAR,HOUGANG,17380,17040,2300,2180,2410,2030,670,780,1.744,10412.8
760,INTERNATIONAL BUSINESS PARK,JURONG EAST,-,-,-,-,-,-,-,-,0.485,0.0
761,JURONG GATEWAY,JURONG EAST,-,-,-,-,-,-,-,-,0.5546,0.0
762,JURONG PORT,JURONG EAST,-,-,-,-,-,-,-,-,2.222,0.0
763,JURONG RIVER,JURONG EAST,-,-,-,-,-,-,-,-,2.561,0.0
764,LAKESIDE,JURONG EAST,430,440,10,10,40,40,20,20,3.108,144.8
765,PENJURU CRESCENT,JURONG EAST,-,-,-,-,-,-,-,-,2.762,0.0
766,TEBAN GARDENS,JURONG EAST,5920,5900,2360,2440,1150,970,150,200,3.188,1919.7
954,WOODGROVE,WOODLANDS,11330,11550,4250,4090,1970,1760,420,490,1.664,7103.4
955,WOODLANDS EAST,WOODLANDS,30240,30320,10760,10800,5590,5150,1260,1400,2.553,12393.3
956,WOODLANDS REGIONAL CENTRE,WOODLANDS,-,-,-,-,-,-,-,-,0.5957,0.0
957,WOODLANDS SOUTH,WOODLANDS,10790,10930,4630,4500,2010,1900,540,540,1.576,7189.1
958,WOODLANDS WEST,WOODLANDS,9960,9350,4770,4590,1840,1720,280,390,1.649,6276.5
959,KHATIB,YISHUN,3980,4120,670,710,510,550,150,160,1.433,2889.0
960,LOWER SELETAR,YISHUN,1090,1130,160,180,120,110,50,30,8.405,133.3
961,NEE SOON,YISHUN,380,420,10,10,30,20,20,10,2.207,176.7
962,NORTHLAND,YISHUN,10020,10040,3000,3040,1600,1580,510,590,1.511,7021.8
963,SPRINGLEAF,YISHUN,1780,1790,10,20,100,90,50,50,2.209,828.4
964,YISHUN CENTRAL,YISHUN,590,610,70,70,70,60,10,20,0.4364,1397.8
965,YISHUN EAST,YISHUN,18640,19040,5210,5290,2760,2600,590,760,1.769,10966.6
966,YISHUN SOUTH,YISHUN,14130,14750,2470,2490,2020,2000,440,550,1.34,10955.2
967,YISHUN WEST,YISHUN,19630,20160,5350,5180,3110,2920,700,830,1.518,13478.3