id,subzone,planning_area,0-4,5-9,10-14,15-19,20-24,25-29,30-34,35-39,40-44,45-49,50-54,55-59,60-64,65-69,70-74,75-79,80-84,85_and_above,all_age_groups
1,ANG MO KIO TOWN CENTRE,ANG MO KIO,260,280,320,280,260,310,370,420,490,420,350,320,280,270,160,120,60,50,"5,020"
2,CHENG SAN,ANG MO KIO,"1,290","1,180","1,290","1,400","1,570","1,830","2,490","2,490","2,460","2,220","2,320","2,290","2,320","1,920","1,070",790,480,370,"29,770"
3,CHONG BOON,ANG MO KIO,910,"1,100","1,180","1,370","1,520","1,800","1,980","2,100","2,040","2,060","2,270","2,260","2,250","1,950","1,290",920,540,380,"27,900"
4,KEBUN BAHRU,ANG MO KIO,780,"1,010","1,080","1,240","1,380","1,490","1,570","1,730","1,860","1,860","1,940","1,890","1,800","1,610","1,010",810,530,330,"23,910"
5,SEMBAWANG HILLS,ANG MO KIO,200,360,460,550,550,450,310,320,500,550,590,520,430,400,260,190,140,130,"6,890"
6,SHANGRI-LA,ANG MO KIO,750,790,850,"1,030","1,120","1,170","1,290","1,240","1,370","1,420","1,610","1,440","1,360","1,110",750,560,430,250,"18,510"
7,TAGORE,ANG MO KIO,330,370,450,580,740,650,420,480,610,590,700,760,590,400,220,200,140,120,"8,350"
8,TOWNSVILLE,ANG MO KIO,"1,140","1,100",940,"1,010","1,230","1,480","1,750","2,070","1,860","1,560","1,760","1,830","1,670","1,590","1,040",840,520,380,"23,770"
9,YIO CHU KANG,ANG MO KIO,-,-,-,-,-,-,-,-,-,-,-,-,-,-,-,-,-,-,30
10,YIO CHU KANG EAST,ANG MO KIO,150,170,250,300,340,290,240,230,300,280,340,390,290,230,120,90,40,60,"4,080"
11,YIO CHU KANG NORTH,ANG MO KIO,-,-,-,-,-,-,-,-,-,-,-,-,-,-,-,-,-,-,-
12,YIO CHU KANG WEST,ANG MO KIO,990,"1,310","1,480","1,550","1,610","1,710","1,830","1,990","2,210","2,050","2,140","2,100","1,990","1,580",760,630,390,240,"26,550"
13,BAYSHORE,BEDOK,440,490,470,400,340,320,490,750,930,750,600,400,400,290,130,100,60,110,"7,480"
14,BEDOK NORTH,BEDOK,"3,290","3,680","4,170","4,920","5,690","5,600","5,850","6,260","6,420","6,330","7,320","6,930","6,310","5,350","2,940","2,260","1,490","1,130","85,930"
15,BEDOK RESERVOIR,BEDOK,"1,240","1,410","1,560","1,530","1,540","1,830","1,880","2,090","2,210","2,000","1,930","1,890","1,680","1,200",590,410,230,180,"25,400"
16,BEDOK SOUTH,BEDOK,"2,030","2,290","2,510","3,020","3,380","3,510","3,200","3,370","3,730","3,770","4,130","4,130","3,720","3,090","1,930","1,550","1,010",830,"51,190"
17,FRANKEL,BEDOK,"1,600","2,010","1,860","1,910","2,040","1,910","2,000","2,710","3,280","2,660","2,390","2,250","2,080","1,750",960,890,640,640,"33,570"
18,KAKI BUKIT,BEDOK,"1,450","1,730","2,060","2,680","3,320","3,410","2,790","2,670","2,710","2,700","3,550","3,840","3,040","2,230","1,020",790,440,390,"40,820"
19,KEMBANGAN,BEDOK,"1,440","1,520","1,800","2,110","2,650","2,860","2,710","2,530","2,680","2,740","3,040","3,390","2,900","2,310","1,400","1,030",720,640,"38,440"
20,SIGLAP,BEDOK,210,270,320,350,490,430,350,480,570,510,490,550,460,520,350,290,170,120,"6,930"
21,BISHAN EAST,BISHAN,"1,040","1,290","1,370","1,510","2,080","2,390","1,990","2,010","2,210","2,000","2,240","2,560","2,210","1,680",870,680,420,280,"28,820"
22,MARYMOUNT,BISHAN,"1,390","1,660","1,760","2,180","2,630","2,110","2,060","2,230","2,510","2,470","2,800","2,560","1,930","1,380",740,550,300,290,"31,540"
23,UPPER THOMSON,BISHAN,"1,000","1,380","1,580","1,830","2,150","1,970","1,670","1,760","2,350","2,340","2,500","2,580","2,220","1,800","1,120",910,660,520,"30,340"
24,LIU FANG,BOON LAY,-,-,-,-,-,-,-,-,-,-,-,-,-,-,-,-,-,-,10
25,SAMULUN,BOON LAY,-,-,-,-,-,-,-,-,-,-,-,-,-,-,-,-,-,-,10
26,SHIPYARD,BOON LAY,-,-,-,-,-,-,-,-,-,-,-,-,-,-,-,-,-,-,-
27,TUKANG,BOON LAY,-,-,-,-,-,-,-,-,-,-,-,-,-,-,-,-,-,-,10
28,BRICKWORKS,BUKIT BATOK,-,-,-,-,-,-,-,-,-,-,-,-,-,-,-,-,-,-,-
29,BUKIT BATOK CENTRAL,BUKIT BATOK,"1,020","1,310","1,500","1,550","1,750","2,110","1,860","1,840","2,030","2,060","2,090","2,230","1,840","1,210",640,480,300,230,"26,060"
30,BUKIT BATOK EAST,BUKIT BATOK,500,670,710,860,990,"1,180","1,100","1,050","1,150","1,070","1,250","1,340","1,150",720,320,250,170,110,"14,570"
31,BUKIT BATOK SOUTH,BUKIT BATOK,520,680,850,"1,160","1,210","1,090",980,900,990,"1,210","1,340","1,200",830,460,200,160,100,80,"13,940"
32,BUKIT BATOK WEST,BUKIT BATOK,590,770,860,970,"1,000","1,120","1,110","1,140","1,160","1,170","1,260","1,300","1,120",710,350,240,180,140,"15,190"
33,GOMBAK,BUKIT BATOK,590,600,490,540,600,600,850,990,770,670,690,670,610,460,270,200,150,100,"9,820"
34,GUILIN,BUKIT BATOK,570,640,760,860,880,930,960,"1,030","1,160","1,170","1,180",980,800,510,300,200,120,110,"13,130"
35,HILLVIEW,BUKIT BATOK,640,880,"1,210","1,560","1,510","1,100",870,"1,030","1,500","1,760","1,890","1,460","1,140",720,370,280,160,150,"18,220"
36,HONG KAH NORTH,BUKIT BATOK,"1,080","1,350","1,590","1,740","2,150","2,340","2,030","1,960","2,210","2,210","2,490","2,590","1,890","1,210",620,420,270,180,"28,340"
37,ALEXANDRA HILL,BUKIT MERAH,590,700,730,850,960,"1,020",980,960,"1,120","1,100","1,230","1,250","1,200","1,080",630,550,380,350,"15,650"
38,ALEXANDRA NORTH,BUKIT MERAH,70,70,50,60,30,60,80,130,110,110,60,60,30,30,20,20,-,-,"1,000"
39,BUKIT HO SWEE,BUKIT MERAH,740,660,570,670,780,"1,040","1,300","1,150","1,120","1,100","1,240","1,400","1,260","1,070",750,630,440,390,"16,290"
40,BUKIT MERAH,BUKIT MERAH,50,60,60,60,60,80,70,80,90,90,90,80,80,100,60,40,20,20,"1,190"
41,CITY TERMINALS,BUKIT MERAH,-,-,-,-,-,-,-,-,-,-,-,-,-,-,-,-,-,-,40
42,DEPOT ROAD,BUKIT MERAH,300,340,230,240,250,260,380,560,560,400,350,310,290,290,180,110,80,70,"5,200"
43,EVERTON PARK,BUKIT MERAH,410,410,370,350,420,540,670,760,830,640,590,650,700,600,370,330,190,180,"9,010"
44,HENDERSON HILL,BUKIT MERAH,540,590,560,650,730,780,770,820,940,970,960,"1,030",870,850,620,570,370,260,"12,870"
45,KAMPONG TIONG BAHRU,BUKIT MERAH,350,430,410,460,530,640,660,680,790,790,790,880,850,770,500,470,260,210,"10,460"
46,MARITIME SQUARE,BUKIT MERAH,190,160,130,110,100,100,210,300,310,260,240,160,120,80,40,40,10,20,"2,560"
47,REDHILL,BUKIT MERAH,760,760,540,530,580,710,840,"1,310","1,010",910,900,850,670,580,370,370,240,290,"12,210"
48,SINGAPORE GENERAL HOSPITAL,BUKIT MERAH,-,-,-,-,-,-,-,-,-,-,-,-,-,-,-,-,-,-,10
49,TELOK BLANGAH DRIVE,BUKIT MERAH,670,700,710,700,780,950,"1,140","1,330","1,340","1,170","1,180","1,150","1,120","1,130",720,590,380,240,"16,000"
50,TELOK BLANGAH RISE,BUKIT MERAH,450,500,580,630,770,860,880,"1,040","1,100",960,940,"1,110","1,240","1,090",690,460,290,230,"13,820"
51,TELOK BLANGAH WAY,BUKIT MERAH,460,500,430,430,490,540,670,850,890,760,870,910,810,710,490,410,270,210,"10,690"
52,TIONG BAHRU,BUKIT MERAH,690,600,430,420,440,780,"1,100","1,310","1,020",840,740,800,830,760,500,420,260,270,"12,190"
53,TIONG BAHRU STATION,BUKIT MERAH,940,"1,010",840,710,790,980,"1,310","1,580","1,490","1,240","1,150","1,140",840,890,560,580,360,270,"16,670"
54,BANGKIT,BUKIT PANJANG,810,970,"1,280","1,580","1,990","2,000","1,430","1,440","1,640","1,820","2,320","2,150","1,580","1,070",670,490,330,250,"23,800"
55,DAIRY FARM,BUKIT PANJANG,220,300,390,380,420,380,290,340,490,460,480,430,330,220,100,70,40,50,"5,390"
56,FAJAR,BUKIT PANJANG,"1,730","1,630","1,610","1,700","2,060","2,150","2,320","2,110","2,040","1,890","2,120","1,830","1,410",920,520,360,220,150,"26,770"
57,JELEBU,BUKIT PANJANG,"1,230","1,590","1,960","2,490","2,780","2,540","2,030","2,130","2,640","2,800","3,080","2,850","2,110","1,370",720,570,340,240,"33,470"
58,NATURE RESERVE,BUKIT PANJANG,180,230,270,280,270,240,220,240,370,360,360,280,220,160,80,60,30,20,"3,870"
59,SAUJANA,BUKIT PANJANG,"1,600","1,490","1,570","1,810","1,780","2,250","2,380","1,970","2,050","1,790","1,950","1,920","1,310",780,320,230,180,150,"25,530"
60,SENJA,BUKIT PANJANG,"1,560","1,420","1,390","1,180","1,110","1,420","2,020","1,780","1,940","1,420","1,300","1,220",920,670,330,220,150,140,"20,200"
61,ANAK BUKIT,BUKIT TIMAH,720,"1,160","1,350","1,480","1,800","1,550","1,160","1,300","1,670","1,700","1,760","1,830","1,510","1,140",690,550,350,260,"21,990"
62,CORONATION ROAD,BUKIT TIMAH,310,470,420,350,360,330,290,430,610,500,450,370,340,320,240,180,110,100,"6,170"
63,FARRER COURT,BUKIT TIMAH,240,310,260,240,230,230,290,390,450,390,370,290,260,270,150,140,110,80,"4,680"
64,HILLCREST,BUKIT TIMAH,410,640,590,610,490,400,410,600,850,830,710,590,430,430,300,240,160,130,"8,810"
65,HOLLAND ROAD,BUKIT TIMAH,510,770,760,740,620,500,450,730,"1,080",960,800,650,550,440,270,230,140,110,"10,280"
66,LEEDON PARK,BUKIT TIMAH,290,350,350,360,390,340,360,450,570,590,460,450,390,380,210,140,80,90,"6,260"
67,SWISS CLUB,BUKIT TIMAH,220,340,390,370,370,320,300,340,490,510,420,380,340,250,170,130,110,100,"5,550"
68,ULU PANDAN,BUKIT TIMAH,430,640,690,670,720,640,520,700,910,850,860,770,730,710,360,270,160,120,"10,730"
69,CENTRAL WATER CATCHMENT,CENTRAL WATER CATCHMENT,-,-,-,-,-,-,-,-,-,-,-,-,-,-,-,-,-,-,10
70,CHANGI AIRPORT,CHANGI,-,-,-,-,-,-,-,-,-,-,-,-,-,-,-,-,-,-,-
71,CHANGI POINT,CHANGI,20,30,40,40,40,40,30,50,60,70,70,70,60,60,30,20,20,30,790
72,CHANGI WEST,CHANGI,160,200,180,110,90,70,140,190,230,150,70,40,30,30,20,10,10,10,"1,740"
73,CHANGI BAY,CHANGI BAY,-,-,-,-,-,-,-,-,-,-,-,-,-,-,-,-,-,-,-
74,CHOA CHU KANG CENTRAL,CHOA CHU KANG,820,"1,130","1,340","1,760","1,980","1,500","1,300","1,490","1,720","1,990","2,080","1,570","1,060",710,400,270,150,120,"21,400"
75,CHOA CHU KANG NORTH,CHOA CHU KANG,"1,150","1,750","2,610","3,740","3,290","2,160","1,870","1,890","2,490","3,780","3,490","2,410","1,500",930,500,390,270,180,"34,380"
76,KEAT HONG,CHOA CHU KANG,520,780,"1,000","1,410","1,580","1,060",950,"1,010","1,140","1,440","1,580","1,240",800,500,240,190,140,100,"15,660"
77,PENG SIANG,CHOA CHU KANG,"1,470","1,630","1,940","2,490","2,810","2,420","2,480","2,180","2,440","2,680","2,880","2,410","1,800","1,160",510,380,270,220,"32,130"
78,TECK WHYE,CHOA CHU KANG,"1,040","1,160","1,470","1,980","2,500","2,050","1,790","1,560","1,830","2,090","2,620","2,230","1,720","1,190",740,510,320,230,"27,040"
79,YEW TEE,CHOA CHU KANG,"2,170","2,900","3,020","3,440","3,070","2,750","3,160","3,830","4,080","4,010","3,530","3,060","1,950","1,170",620,480,290,200,"43,710"
80,CLEMENTI CENTRAL,CLEMENTI,560,700,660,660,700,780,"1,000","1,110","1,170","1,010",990,980,940,880,520,400,230,190,"13,490"
81,CLEMENTI NORTH,CLEMENTI,"1,080","1,150","1,160","1,310","1,360","1,850","2,130","2,310","2,400","2,030","2,140","2,000","2,230","2,240","1,220","1,020",600,500,"28,730"
82,CLEMENTI WEST,CLEMENTI,690,750,850,880,890,"1,000","1,240","1,310","1,330","1,310","1,280","1,330","1,260","1,060",530,380,210,150,"16,470"
83,CLEMENTI WOODS,CLEMENTI,830,800,790,850,860,"1,160","1,340","1,310","1,230","1,200","1,290","1,120","1,080","1,090",570,440,250,200,"16,400"
84,FABER,CLEMENTI,170,300,290,300,290,290,200,310,370,370,360,300,280,190,140,80,50,40,"4,320"
85,PANDAN,CLEMENTI,-,-,-,-,-,-,-,-,-,-,-,-,-,-,-,-,-,-,10
86,SUNSET WAY,CLEMENTI,220,270,300,370,410,460,380,400,440,510,500,490,530,440,230,170,100,70,"6,290"
87,TOH TUCK,CLEMENTI,-,-,-,-,-,-,-,-,-,-,-,-,-,-,-,-,-,-,40
88,WEST COAST,CLEMENTI,360,450,420,340,340,280,350,560,650,510,400,340,310,290,140,100,40,40,"5,890"
89,ANSON,DOWNTOWN CORE,-,-,-,-,-,-,-,-,-,-,-,-,-,-,-,-,-,-,80
90,BAYFRONT SUBZONE,DOWNTOWN CORE,-,-,-,-,-,-,-,-,-,-,-,-,-,-,-,-,-,-,-
91,BUGIS,DOWNTOWN CORE,60,60,60,90,110,130,160,160,170,190,160,190,210,210,120,130,60,80,"2,330"
92,CECIL,DOWNTOWN CORE,10,10,10,-,-,10,30,30,20,20,20,10,-,-,-,-,-,-,160
93,CENTRAL SUBZONE,DOWNTOWN CORE,30,20,10,20,20,30,50,80,70,50,40,30,20,10,10,-,-,-,480
94,CITY HALL,DOWNTOWN CORE,-,-,-,-,-,-,-,-,-,-,-,-,-,-,-,-,-,-,60
95,CLIFFORD PIER,DOWNTOWN CORE,-,-,-,-,-,-,-,-,-,-,-,-,-,-,-,-,-,-,-
96,MARINA CENTRE,DOWNTOWN CORE,-,-,-,-,-,-,-,-,-,-,-,-,-,-,-,-,-,-,20
97,MAXWELL,DOWNTOWN CORE,-,-,-,-,-,-,-,-,-,-,-,-,-,-,-,-,-,-,-
98,PHILLIP,DOWNTOWN CORE,-,-,-,-,-,-,-,-,-,-,-,-,-,-,-,-,-,-,-
99,RAFFLES PLACE,DOWNTOWN CORE,-,-,-,-,-,-,-,-,-,-,-,-,-,-,-,-,-,-,60
100,TANJONG PAGAR,DOWNTOWN CORE,10,10,10,10,10,30,70,70,70,50,50,30,20,20,10,10,10,50,520
101,ALJUNIED,GEYLANG,"1,530","1,930","1,880","2,120","2,450","2,810","2,920","3,240","3,560","3,210","3,390","3,370","2,880","2,310","1,380","1,190",810,740,"41,710"
102,GEYLANG EAST,GEYLANG,"1,490","1,630","1,490","1,760","2,100","2,250","2,520","2,740","2,590","2,330","2,490","2,570","2,270","2,050","1,080",900,600,510,"33,380"
103,KALLANG WAY,GEYLANG,-,-,-,-,-,-,-,-,-,-,-,-,-,-,-,-,-,-,40
104,KAMPONG UBI,GEYLANG,480,600,690,830,"1,080","1,210","1,000",930,880,880,"1,160","1,230",940,600,320,180,110,90,"13,210"
105,MACPHERSON,GEYLANG,980,"1,190","1,360","1,620","1,910","1,860","1,730","1,810","1,960","2,380","2,570","2,460","1,980","1,510","1,100","1,020",710,500,"28,630"
106,DEFU INDUSTRIAL PARK,HOUGANG,-,-,-,-,-,-,-,-,-,-,-,-,-,-,-,-,-,-,20
107,HOUGANG CENTRAL,HOUGANG,140,210,270,360,410,380,280,270,320,420,430,430,320,220,120,110,70,60,"4,830"
108,HOUGANG EAST,HOUGANG,"1,010",880,960,"1,380","1,910","2,020","1,880","1,510","1,430","1,480","2,010","1,870","1,420",950,500,340,220,170,"21,940"
109,HOUGANG WEST,HOUGANG,"1,640","1,920","2,250","3,110","4,190","4,250","3,400","3,060","3,450","3,700","4,820","4,830","3,710","2,530","1,300",940,610,420,"50,120"
110,KANGKAR,HOUGANG,"1,040","1,140","1,440","1,570","1,790","1,870","1,830","1,790","2,100","2,030","2,250","2,170","1,720","1,280",780,650,380,270,"26,080"
111,KOVAN,HOUGANG,970,"1,190","1,430","1,740","2,000","1,930","1,580","1,720","2,030","1,840","2,090","2,190","1,720","1,270",680,580,350,340,"25,640"
112,LORONG AH SOO,HOUGANG,"1,170","1,460","1,730","1,980","2,230","2,340","2,290","2,370","2,630","2,620","2,760","2,900","2,510","2,000","1,200",940,620,440,"34,180"
113,LORONG HALUS,HOUGANG,-,-,-,-,-,-,-,-,-,-,-,-,-,-,-,-,-,-,-
114,TAI SENG,HOUGANG,560,740,830,"1,040","1,050","1,020",860,910,"1,080","1,110","1,240","1,190","1,010",720,450,410,280,240,"14,700"
115,TRAFALGAR,HOUGANG,"1,870","2,470","2,770","3,210","3,250","2,840","2,900","3,220","3,660","3,800","4,030","3,690","2,650","1,860",950,710,530,400,"44,800"
116,INTERNATIONAL BUSINESS PARK,JURONG EAST,-,-,-,-,-,-,-,-,-,-,-,-,-,-,-,-,-,-,10
117,JURONG GATEWAY,JURONG EAST,-,-,-,-,-,-,-,-,-,-,-,-,-,-,-,-,-,-,20
118,JURONG PORT,JURONG EAST,-,-,-,-,-,-,-,-,-,-,-,-,-,-,-,-,-,-,10
119,JURONG RIVER,JURONG EAST,-,-,-,-,-,-,-,-,-,-,-,-,-,-,-,-,-,-,10
120,LAKESIDE,JURONG EAST,30,30,30,40,60,80,90,70,70,90,80,70,80,70,60,30,20,10,"1,010"
121,PENJURU CRESCENT,JURONG EAST,-,-,-,-,-,-,-,-,-,-,-,-,-,-,-,-,-,-,10
122,TEBAN GARDENS,JURONG EAST,880,920,970,"1,050","1,180","1,320","1,540","1,460","1,420","1,310","1,410","1,410","1,530","1,260",630,410,220,170,"19,080"
123,TOH GUAN,JURONG EAST,640,800,"1,010","1,070","1,260","1,400","1,200","1,140","1,300","1,290","1,390","1,490","1,120",680,290,210,160,100,"16,510"
124,YUHUA EAST,JURONG EAST,970,"1,150","1,420","1,520","1,800","2,090","2,080","2,000","2,120","2,010","2,140","2,310","2,120","1,660",830,610,380,270,"27,460"
125,YUHUA WEST,JURONG EAST,780,970,"1,120","1,290","1,450","1,670","1,450","1,400","1,620","1,550","1,700","1,740","1,570","1,090",560,440,270,210,"20,870"
126,BOON LAY PLACE,JURONG WEST,"1,930","1,830","1,740","1,990","1,990","2,280","2,830","2,340","2,440","2,530","2,390","2,060","1,760","1,280",760,500,270,190,"31,100"
127,CHIN BEE,JURONG WEST,-,-,-,-,-,-,-,-,-,-,-,-,-,-,-,-,-,-,-
128,HONG KAH,JURONG WEST,"2,120","2,660","3,200","3,530","3,820","4,320","4,210","4,320","4,580","4,320","4,350","4,590","4,230","3,080","1,530","1,020",600,400,"56,870"
129,JURONG WEST CENTRAL,JURONG WEST,"4,170","4,890","4,420","3,900","3,840","4,970","6,520","7,430","6,640","5,000","4,400","4,300","3,450","2,150",890,630,380,260,"68,200"
130,KIAN TECK,JURONG WEST,-,-,-,-,-,-,-,-,-,-,-,-,-,-,-,-,-,-,50
131,SAFTI,JURONG WEST,-,-,-,-,-,-,-,-,-,-,-,-,-,-,-,-,-,-,-
132,TAMAN JURONG,JURONG WEST,"1,890","2,060","2,270","2,620","2,600","2,620","3,000","2,860","3,010","3,200","2,850","2,600","2,070","1,440",760,530,350,230,"36,940"
133,WENYA,JURONG WEST,700,780,560,370,360,530,"1,030","1,130",840,590,440,430,360,240,120,70,40,20,"8,610"
134,YUNNAN,JURONG WEST,"2,780","3,680","4,500","5,620","6,470","5,210","4,950","5,330","5,560","6,030","6,240","5,130","3,990","2,630","1,200",800,440,310,"70,890"
135,BENDEMEER,KALLANG,"1,660","1,470","1,380","1,530","1,690","2,260","2,820","2,950","2,760","2,390","2,380","2,600","2,400","1,960","1,280","1,040",660,580,"33,830"
136,BOON KENG,KALLANG,480,430,480,510,610,680,850,860,820,860,860,900,750,650,400,380,240,210,"10,970"
137,CRAWFORD,KALLANG,300,320,350,370,460,480,510,560,630,690,870,880,820,820,560,520,330,270,"9,740"
138,GEYLANG BAHRU,KALLANG,400,520,620,690,660,780,760,950,"1,090","1,070","1,090","1,020",880,750,520,490,330,250,"12,870"
139,KALLANG BAHRU,KALLANG,-,-,-,-,-,-,-,-,-,-,-,-,-,-,-,-,-,-,30
140,KAMPONG BUGIS,KALLANG,40,20,30,40,60,80,80,70,60,50,70,90,80,60,30,20,20,10,890
141,KAMPONG JAVA,KALLANG,460,550,500,550,580,640,750,930,"1,040",860,860,800,770,750,420,390,220,200,"11,260"
142,LAVENDER,KALLANG,420,480,480,450,530,640,740,830,930,780,810,790,730,640,380,330,200,160,"10,320"
143,TANJONG RHU,KALLANG,590,660,650,590,520,570,740,"1,100","1,280","1,080",890,750,640,460,320,220,130,130,"11,310"
144,LIM CHU KANG,LIM CHU KANG,-,-,-,-,-,-,-,-,-,-,-,-,-,-,-,-,-,-,90
145,MANDAI EAST,MANDAI,-,-,-,-,-,-,-,-,-,-,-,-,-,-,-,-,-,-,-
146,MANDAI ESTATE,MANDAI,90,120,150,170,150,140,150,170,190,180,170,140,90,80,50,40,20,10,"2,120"
147,MANDAI WEST,MANDAI,-,-,-,-,-,-,-,-,-,-,-,-,-,-,-,-,-,-,-
148,MARINA EAST,MARINA EAST,-,-,-,-,-,-,-,-,-,-,-,-,-,-,-,-,-,-,-
149,MARINA SOUTH,MARINA SOUTH,-,-,-,-,-,-,-,-,-,-,-,-,-,-,-,-,-,-,-
150,EAST COAST,MARINE PARADE,-,-,-,-,-,-,-,-,-,-,-,-,-,-,-,-,-,-,-
151,KATONG,MARINE PARADE,410,530,550,530,590,520,620,830,960,760,740,650,590,470,280,250,170,190,"9,620"
152,MARINA EAST (MP),MARINE PARADE,-,-,-,-,-,-,-,-,-,-,-,-,-,-,-,-,-,-,-
153,MARINE PARADE,MARINE PARADE,"1,310","1,610","1,530","1,480","1,460","1,490","1,630","2,230","2,670","2,280","2,120","2,000","1,700","1,720","1,230","1,180",700,590,"28,910"
154,MOUNTBATTEN,MARINE PARADE,460,560,620,600,640,600,640,810,950,790,830,720,600,570,280,220,160,160,"10,210"
155,BRAS BASAH,MUSEUM,-,-,-,-,-,-,-,-,-,-,-,-,-,-,-,-,-,-,10
156,DHOBY GHAUT,MUSEUM,10,10,-,-,10,10,30,40,30,20,30,10,10,10,-,-,-,-,210
157,FORT CANNING,MUSEUM,10,10,10,10,-,-,10,20,30,10,20,10,10,10,-,-,-,-,160
158,CAIRNHILL,NEWTON,150,230,150,150,160,180,220,280,360,310,280,210,200,170,90,80,60,50,"3,330"
159,GOODWOOD PARK,NEWTON,50,90,60,40,40,40,50,90,110,90,70,50,40,30,10,10,20,20,910
160,ISTANA NEGARA,NEWTON,-,-,-,-,-,-,-,-,-,-,-,-,-,-,-,-,-,-,40
161,MONK'S HILL,NEWTON,30,70,70,60,50,50,60,70,110,90,90,60,50,50,30,30,20,20,980
162,NEWTON CIRCUS,NEWTON,20,20,10,10,10,10,20,30,20,30,20,10,10,10,-,-,-,-,230
163,ORANGE GROVE,NEWTON,60,70,50,70,70,70,60,120,130,140,150,120,130,110,40,30,20,10,"1,440"
164,NORTH-EASTERN ISLANDS,NORTH-EASTERN ISLANDS,-,-,-,-,-,-,-,-,-,-,-,-,-,-,-,-,-,-,60
165,BALESTIER,NOVENA,"1,440","1,540","1,530","1,640","1,740","1,860","2,190","2,680","2,920","2,580","2,480","2,370","1,990","1,770","1,170","1,040",710,680,"32,340"
166,DUNEARN,NOVENA,140,240,260,280,250,190,180,210,320,330,330,280,260,210,140,120,90,80,"3,900"
167,MALCOLM,NOVENA,100,210,170,150,170,130,110,170,230,200,220,210,160,150,90,60,50,60,"2,630"
168,MOULMEIN,NOVENA,560,760,520,420,350,410,510,890,"1,000",740,630,450,410,290,180,150,110,100,"8,470"
169,MOUNT PLEASANT,NOVENA,20,30,40,50,50,50,40,30,30,50,50,60,50,40,20,10,10,20,650
170,BOULEVARD,ORCHARD,10,20,20,10,10,30,30,30,40,40,30,40,40,30,10,10,10,10,400
171,SOMERSET,ORCHARD,-,10,10,10,-,10,10,10,10,10,10,10,10,10,10,-,-,10,130
172,TANGLIN,ORCHARD,20,30,20,20,20,20,20,40,40,40,40,40,20,30,10,10,-,-,390
173,CHINA SQUARE,OUTRAM,50,30,30,50,70,90,110,100,120,110,140,140,170,150,90,70,40,40,"1,590"
174,CHINATOWN,OUTRAM,930,760,390,360,410,530,"1,050","1,560","1,060",770,760,710,650,630,390,380,250,290,"11,880"
175,PEARL'S HILL,OUTRAM,300,290,280,330,340,500,480,430,510,580,670,770,730,660,450,390,240,280,"8,230"
176,PEOPLE'S PARK,OUTRAM,10,-,10,10,20,40,40,50,40,20,20,30,40,30,10,10,10,10,390
177,FLORA DRIVE,PASIR RIS,570,690,840,970,"1,030",750,700,990,"1,110","1,220","1,180",950,720,440,260,210,140,210,"12,950"
178,LOYANG EAST,PASIR RIS,70,100,120,160,200,150,110,130,150,170,200,220,170,100,60,30,30,30,"2,190"
179,LOYANG WEST,PASIR RIS,-,-,-,-,-,-,-,-,-,10,-,10,10,10,10,30,40,70,200
180,PASIR RIS CENTRAL,PASIR RIS,"1,260","1,290","1,550","2,110","2,320","1,970","1,820","1,690","1,860","2,210","2,570","1,920","1,230",790,400,330,230,160,"25,730"
181,PASIR RIS DRIVE,PASIR RIS,"2,190","2,860","3,680","5,290","6,330","4,110","3,120","3,500","3,970","5,210","6,170","4,860","3,250","2,110","1,040",810,560,430,"59,480"
182,PASIR RIS PARK,PASIR RIS,180,210,210,220,190,150,190,340,350,280,270,140,100,50,40,20,10,20,"2,980"
183,PASIR RIS WAFER FAB PARK,PASIR RIS,-,-,-,-,-,-,-,-,-,-,-,-,-,-,-,-,-,-,20
184,PASIR RIS WEST,PASIR RIS,"1,480","1,960","2,610","3,580","3,340","1,970","2,030","2,430","2,920","3,860","3,690","2,380","1,560",970,540,460,330,230,"36,330"
185,AIRPORT ROAD,PAYA LEBAR,-,-,-,-,-,-,-,-,-,-,-,-,-,-,-,-,-,-,-
186,PAYA LEBAR EAST,PAYA LEBAR,-,-,-,-,-,-,-,-,-,-,-,-,-,-,-,-,-,-,10
187,PAYA LEBAR NORTH,PAYA LEBAR,-,-,-,-,-,-,-,-,-,-,-,-,-,-,-,-,-,-,20
188,PAYA LEBAR WEST,PAYA LEBAR,-,-,-,-,-,-,-,-,-,-,-,-,-,-,-,-,-,-,-
189,PLAB,PAYA LEBAR,-,-,-,-,-,-,-,-,-,-,-,-,-,-,-,-,-,-,-
190,BENOI SECTOR,PIONEER,-,-,-,-,-,-,-,-,-,-,-,-,-,-,-,-,-,-,-
191,GUL BASIN,PIONEER,-,-,-,-,-,-,-,-,-,-,-,-,-,-,-,-,-,-,20
192,GUL CIRCLE,PIONEER,-,-,-,-,-,-,-,-,-,-,-,-,-,-,-,-,-,-,30
193,JOO KOON,PIONEER,-,-,-,-,-,-,-,-,-,-,-,-,-,-,-,-,-,-,40
194,PIONEER SECTOR,PIONEER,-,-,-,-,-,-,-,-,-,-,-,-,-,-,-,-,-,-,-
195,CONEY ISLAND,PUNGGOL,-,-,-,-,-,-,-,-,-,-,-,-,-,-,-,-,-,-,-
196,MATILDA,PUNGGOL,"4,310","2,190","1,230",960,920,"2,290","6,060","3,690","2,300","1,430","1,260","1,070","1,060",790,400,230,150,110,"30,440"
197,NORTHSHORE,PUNGGOL,10,20,20,30,20,20,10,20,20,30,30,30,20,10,10,10,10,-,280
198,PUNGGOL CANAL,PUNGGOL,-,-,-,-,-,-,-,-,-,-,-,-,-,-,-,-,-,-,-
199,PUNGGOL FIELD,PUNGGOL,"2,890","3,850","3,270","2,330","1,970","2,130","3,390","4,920","5,230","3,240","2,720","2,360","1,800","1,390",700,520,320,280,"43,300"
200,PUNGGOL TOWN CENTRE,PUNGGOL,"1,200",610,260,170,150,540,"1,590","1,130",540,300,220,200,180,140,80,60,30,20,"7,390"
201,WATERWAY EAST,PUNGGOL,"3,600","2,530","1,410",960,880,"1,780","4,650","3,650","2,520","1,500","1,310","1,070",910,700,380,230,160,110,"28,340"
202,COMMONWEALTH,QUEENSTOWN,310,310,310,340,380,530,590,560,630,630,670,610,520,490,370,390,290,210,"8,130"
203,DOVER,QUEENSTOWN,670,820,730,760,800,800,900,"1,010","1,140","1,100","1,020",850,720,710,430,390,200,160,"13,200"
204,GHIM MOH,QUEENSTOWN,530,550,530,570,630,730,850,860,910,800,880,750,710,840,620,530,370,240,"11,900"
205,HOLLAND DRIVE,QUEENSTOWN,510,480,550,580,630,810,890,"1,130","1,290","1,110","1,050",940,950,1040,790,720,430,320,"14,230"
206,KENT RIDGE,QUEENSTOWN,30,50,50,40,60,100,90,70,90,110,90,80,80,60,40,20,10,-,"1,080"
207,MARGARET DRIVE,QUEENSTOWN,730,580,420,440,450,670,"1,070","1,080",880,730,680,630,580,580,330,320,200,150,"10,520"
208,MEI CHIN,QUEENSTOWN,640,750,820,990,"1,030","1,060","1,080","1,090","1,270","1,350","1,410","1,300","1,130",870,580,630,420,330,"16,750"
209,NATIONAL UNIVERSITY OF S'PORE,QUEENSTOWN,10,10,10,10,170,60,20,10,20,10,20,10,10,-,-,-,-,-,360
210,ONE NORTH,QUEENSTOWN,40,50,20,30,20,20,60,70,90,90,50,20,20,20,10,-,-,-,620
211,PASIR PANJANG 1,QUEENSTOWN,200,200,210,210,260,280,290,380,350,330,330,280,250,200,100,60,50,40,"4,010"
212,PASIR PANJANG 2,QUEENSTOWN,170,140,180,220,250,260,240,230,260,280,280,290,330,200,90,50,30,30,"3,520"
213,PORT,QUEENSTOWN,-,-,-,10,10,10,-,10,10,10,20,20,10,10,-,-,-,-,140
214,QUEENSWAY,QUEENSTOWN,10,10,10,20,20,20,30,20,40,20,20,20,20,20,10,10,-,-,280
215,SINGAPORE POLYTECHNIC,QUEENSTOWN,20,10,10,10,10,10,10,20,10,10,10,10,10,-,-,-,-,-,160
216,TANGLIN HALT,QUEENSTOWN,580,550,510,520,570,780,"1,000","1,110","1,080","1,020",980,930,830,860,580,580,400,280,"13,160"
217,INSTITUTION HILL,RIVER VALLEY,210,230,190,130,150,190,280,390,430,310,190,180,170,150,70,50,20,20,"3,380"
218,LEONIE HILL,RIVER VALLEY,100,140,150,120,130,130,170,230,310,240,200,170,130,110,60,30,20,20,"2,450"
219,ONE TREE HILL,RIVER VALLEY,60,70,100,120,110,90,100,110,160,180,160,170,120,100,70,40,30,40,"1,840"
220,OXLEY,RIVER VALLEY,50,70,70,40,70,90,80,120,130,120,100,90,80,100,60,50,20,40,"1,380"
221,PATERSON,RIVER VALLEY,-,10,10,-,10,10,10,20,20,10,20,10,10,-,-,-,-,-,150
222,BENCOOLEN,ROCHOR,70,50,40,60,70,90,100,110,120,130,120,130,110,90,50,50,40,40,"1,460"
223,FARRER PARK,ROCHOR,130,170,140,130,130,180,250,310,290,240,210,210,230,160,110,90,60,110,"3,130"
224,KAMPONG GLAM,ROCHOR,10,10,-,-,-,10,10,10,10,10,20,10,10,10,10,10,10,30,170
225,LITTLE INDIA,ROCHOR,110,140,160,180,210,230,230,300,320,280,310,330,300,260,190,150,90,90,"3,850"
226,MACKENZIE,ROCHOR,-,10,10,10,-,-,20,20,20,10,10,-,-,-,-,-,-,-,110
227,MOUNT EMILY,ROCHOR,70,60,50,30,30,60,120,170,150,100,70,60,50,40,10,10,10,20,"1,110"
228,ROCHOR CANAL,ROCHOR,-,-,-,-,-,-,-,-,-,-,-,-,-,-,-,-,-,-,10
229,SELEGIE,ROCHOR,10,10,10,10,20,20,20,40,20,20,20,20,20,10,10,10,10,10,270
230,SUNGEI ROAD,ROCHOR,110,90,110,120,130,170,150,170,180,160,180,170,170,180,130,100,70,40,"2,420"
231,VICTORIA,ROCHOR,50,50,50,70,100,130,150,160,150,130,180,200,170,170,110,100,50,60,"2,060"
232,PULAU PUNGGOL BARAT,SELETAR,-,-,-,-,-,-,-,-,-,-,-,-,-,-,-,-,-,-,-
233,PULAU PUNGGOL TIMOR,SELETAR,-,-,-,-,-,-,-,-,-,-,-,-,-,-,-,-,-,-,-
234,SELETAR,SELETAR,10,20,20,20,10,-,-,20,40,30,30,20,10,10,-,10,-,-,260
235,SELETAR AEROSPACE PARK,SELETAR,-,-,-,-,-,-,-,-,-,-,-,-,-,-,-,-,-,-,20
236,ADMIRALTY,SEMBAWANG,"1,000","1,130","1,000",780,700,"1,020","1,310","1,470","1,490","1,030",980,820,570,420,280,200,130,90,"14,410"
237,SEMBAWANG CENTRAL,SEMBAWANG,"1,500","1,840","2,020","2,010","1,900","2,050","2,300","2,550","2,900","2,450","2,290","2,010","1,360",770,450,330,230,200,"29,140"
238,SEMBAWANG EAST,SEMBAWANG,-,-,-,-,-,-,-,-,-,-,-,-,-,-,-,-,-,-,90
239,SEMBAWANG NORTH,SEMBAWANG,"1,700","2,100","1,940","1,570","1,460","1,710","2,470","2,750","2,720","2,080","1,870","1,670","1,210",740,380,260,150,90,"26,860"
240,SEMBAWANG SPRINGS,SEMBAWANG,170,240,310,320,290,240,200,320,390,390,350,250,220,190,120,110,90,100,"4,290"
241,SEMBAWANG STRAITS,SEMBAWANG,100,90,110,140,130,100,90,110,150,140,160,130,70,80,40,30,20,10,"1,700"
242,SENOKO NORTH,SEMBAWANG,-,-,-,-,-,-,-,-,-,-,-,-,-,-,-,-,-,-,20
243,SENOKO SOUTH,SEMBAWANG,-,-,-,-,-,-,-,-,-,-,-,-,-,-,-,-,-,-,20
244,THE WHARVES,SEMBAWANG,-,-,-,-,-,-,-,-,-,-,-,-,-,-,-,-,-,-,-
245,ANCHORVALE,SENGKANG,"3,000","3,170","2,550","1,800","1,620","3,000","4,020","4,060","4,220","2,460","2,120","2,030","1,540","1,100",600,390,200,170,"38,040"
246,COMPASSVALE,SENGKANG,"1,930","1,710",950,580,570,"1,170","2,500","3,000","1,700",970,870,760,670,490,290,210,90,60,"18,510"
247,FERNVALE,SENGKANG,"4,160","2,900","1,650","1,310","1,310","2,740","5,470","4,220","2,810","1,910","1,750","1,630","1,260","1,010",550,400,290,230,"35,590"
248,LORONG HALUS NORTH,SENGKANG,-,-,-,-,-,-,-,-,-,-,-,-,-,-,-,-,-,-,-
249,RIVERVALE,SENGKANG,"3,080","3,810","3,960","4,260","3,930","4,080","4,430","4,940","5,520","4,830","4,690","4,390","3,210","2,160","1,020",740,460,350,"59,860"
250,SENGKANG TOWN CENTRE,SENGKANG,"3,160","3,580","3,530","3,880","3,450","3,340","4,720","4,870","4,990","4,530","4,200","3,830","2,590","1,670",890,670,420,350,"54,680"
251,SENGKANG WEST,SENGKANG,-,-,-,-,-,-,-,-,-,-,-,-,-,-,-,-,-,-,10
252,LORONG CHUAN,SERANGOON,310,430,530,660,680,540,380,450,620,720,790,720,480,370,210,200,150,160,"8,390"
253,SELETAR HILLS,SERANGOON,530,600,760,990,"1,100",970,720,750,960,980,"1,090","1,160",980,780,450,360,220,180,"13,580"
254,SERANGOON CENTRAL,SERANGOON,880,960,"1,250","1,480","1,810","2,210","1,870","1,680","1,940","1,850","2,150","2,500","2,200","1,590",780,690,380,290,"26,480"
255,SERANGOON GARDEN,SERANGOON,"1,250","1,570","1,850","2,310","2,790","2,860","2,500","2,450","2,690","2,680","3,080","3,500","3,190","2,490","1,390","1,100",770,710,"39,180"
256,SERANGOON NORTH,SERANGOON,590,900,"1,100","1,390","1,550","1,190","1,090","1,160","1,300","1,490","1,630","1,440","1,110",680,360,250,160,110,"17,490"
257,SERANGOON NORTH IND ESTATE,SERANGOON,-,-,-,-,-,-,-,-,-,-,-,-,-,-,-,-,-,-,20
258,UPPER PAYA LEBAR,SERANGOON,510,640,730,900,"1,230","1,270",960,970,"1,040","1,050","1,300","1,480","1,200",930,500,390,250,210,"15,540"
259,PULAU SELETAR,SIMPANG,-,-,-,-,-,-,-,-,-,-,-,-,-,-,-,-,-,-,-
260,SIMPANG NORTH,SIMPANG,-,-,-,-,-,-,-,-,-,-,-,-,-,-,-,-,-,-,-
261,SIMPANG SOUTH,SIMPANG,-,-,-,-,-,-,-,-,-,-,-,-,-,-,-,-,-,-,-
262,TANJONG IRAU,SIMPANG,-,-,-,-,-,-,-,-,-,-,-,-,-,-,-,-,-,-,-
263,BOAT QUAY,SINGAPORE RIVER,10,10,-,-,-,10,20,20,20,10,10,10,10,10,10,10,-,-,180
264,CLARKE QUAY,SINGAPORE RIVER,-,-,-,10,-,10,20,10,20,10,10,10,-,-,-,-,-,10,130
265,ROBERTSON QUAY,SINGAPORE RIVER,180,170,120,80,80,80,240,330,370,240,160,130,90,70,40,30,10,20,"2,420"
266,SENTOSA,SOUTHERN ISLANDS,90,90,80,90,80,70,60,120,160,200,180,110,70,40,20,10,10,-,"1,470"
267,SOUTHERN GROUP,SOUTHERN ISLANDS,-,-,-,-,-,-,-,-,-,-,-,-,-,-,-,-,-,-,-
268,STRAITS VIEW,STRAITS VIEW,-,-,-,-,-,-,-,-,-,-,-,-,-,-,-,-,-,-,-
269,GALI BATU,SUNGEI KADUT,-,-,-,-,-,-,-,-,10,-,-,10,10,10,20,10,10,40,130
270,KRANJI,SUNGEI KADUT,-,-,-,-,-,-,-,-,-,-,-,-,-,-,-,-,-,-,20
271,PANG SUA,SUNGEI KADUT,-,-,-,-,-,-,-,-,-,-,-,-,-,-,-,-,-,-,20
272,RESERVOIR VIEW,SUNGEI KADUT,-,-,-,-,-,-,-,-,-,-,-,-,-,-,-,-,-,-,20
273,TURF CLUB,SUNGEI KADUT,30,20,30,40,40,50,40,40,40,50,50,50,40,50,30,30,20,10,660
274,SIMEI,TAMPINES,"1,920","2,140","2,300","2,900","3,310","2,970","3,140","3,290","3,410","3,250","3,730","3,460","2,600","1,860",850,710,420,430,"42,710"
275,TAMPINES EAST,TAMPINES,"5,820","6,220","7,100","9,680","11,610","10,970","10,030","9,220","9,170","10,530","12,140","12,200","9,440","6,220","3,000","2,350","1,560","1,220","138,500"
276,TAMPINES NORTH,TAMPINES,-,-,-,-,-,-,-,-,-,-,-,-,-,-,-,-,-,-,-
277,TAMPINES WEST,TAMPINES,"3,410","3,830","4,310","5,430","6,280","6,340","5,530","5,390","5,600","5,900","6,700","6,630","5,210","3,320","1,630","1,220",820,580,"78,110"
278,XILIN,TAMPINES,70,70,110,170,180,130,110,100,130,160,240,200,110,60,30,20,20,10,"1,920"
279,CHATSWORTH,TANGLIN,310,340,280,270,250,260,460,600,710,570,430,350,300,250,170,100,60,60,"5,740"
280,NASSIM,TANGLIN,420,640,560,440,430,360,410,640,860,790,690,560,510,430,210,150,110,130,"8,340"
281,RIDOUT,TANGLIN,70,70,80,70,80,70,100,110,100,110,130,100,100,90,40,40,30,30,"1,400"
282,TYERSALL,TANGLIN,130,240,190,220,210,200,170,240,320,340,280,260,230,160,120,90,60,50,"3,520"
283,TENGAH,TENGAH,-,-,-,-,-,-,-,-,-,-,-,-,-,-,-,-,-,-,10
284,BIDADARI,TOA PAYOH,-,-,-,-,-,-,-,-,-,-,-,-,-,-,-,-,-,-,10
285,BOON TECK,TOA PAYOH,530,650,730,800,950,900,870,830,"1,050","1,120","1,270","1,280","1,050",940,690,660,430,390,"15,110"
286,BRADDELL,TOA PAYOH,390,510,500,590,690,690,690,730,800,840,840,850,740,610,440,390,220,250,"10,760"
287,JOO SENG,TOA PAYOH,220,350,300,360,400,440,420,480,550,500,540,530,490,410,250,230,150,120,"6,720"
288,KIM KEAT,TOA PAYOH,300,360,330,440,600,650,560,570,660,610,690,790,590,540,330,280,160,140,"8,610"
289,LORONG 8 TOA PAYOH,TOA PAYOH,270,300,340,450,540,490,470,530,630,620,660,680,580,530,400,350,210,170,"8,220"
290,PEI CHUN,TOA PAYOH,410,550,640,630,620,640,690,830,"1,030","1,000",940,950,720,680,510,460,280,220,"11,780"
291,POTONG PASIR,TOA PAYOH,460,470,570,540,720,900,910,910,"1,080",920,930,"1,100","1,100",900,460,340,220,140,"12,650"
292,SENNETT,TOA PAYOH,130,180,230,270,330,300,260,250,300,280,350,410,330,310,190,150,130,150,"4,540"
293,TOA PAYOH CENTRAL,TOA PAYOH,"1,800","1,640","1,450","1,640","1,620","1,710","2,520","2,760","2,680","2,340","2,250","2,110","1,640","1,520","1,060",960,610,450,"30,740"
294,TOA PAYOH WEST,TOA PAYOH,410,480,520,600,710,760,890,950,"1,110","1,000","1,100","1,030",900,880,680,670,370,320,"13,360"
295,WOODLEIGH,TOA PAYOH,130,170,140,140,170,150,180,210,240,210,180,180,150,90,40,20,20,20,"2,440"
296,TENGEH,TUAS,-,-,-,-,-,-,-,-,-,-,-,-,-,-,-,-,-,-,-
297,TUAS BAY,TUAS,-,-,-,-,-,-,-,-,-,-,-,-,-,-,-,-,-,-,20
298,TUAS NORTH,TUAS,-,-,-,-,-,-,-,-,-,-,-,-,-,-,-,-,-,-,20
299,TUAS PROMENADE,TUAS,-,-,-,-,-,-,-,-,-,-,-,-,-,-,-,-,-,-,10
300,TUAS VIEW,TUAS,-,-,-,-,-,-,-,-,-,-,-,-,-,-,-,-,-,-,10
301,TUAS VIEW EXTENSION,TUAS,-,-,-,-,-,-,-,-,-,-,-,-,-,-,-,-,-,-,-
302,JURONG ISLAND AND BUKOM,WESTERN ISLANDS,-,-,-,-,-,-,-,-,-,-,-,-,-,-,-,-,-,-,-
303,SEMAKAU,WESTERN ISLANDS,-,-,-,-,-,-,-,-,-,-,-,-,-,-,-,-,-,-,-
304,SUDONG,WESTERN ISLANDS,-,-,-,-,-,-,-,-,-,-,-,-,-,-,-,-,-,-,-
305,WESTERN WATER CATCHMENT,WESTERN WATER CATCHMENT,40,50,50,40,130,80,40,90,100,60,60,60,40,10,10,10,10,30,900
306,GREENWOOD PARK,WOODLANDS,-,-,-,-,-,-,-,-,-,-,-,-,-,-,-,-,-,-,70
307,MIDVIEW,WOODLANDS,"1,560","1,840","2,550","3,520","3,290","2,570","2,400","2,240","2,670","3,520","3,190","2,280","1,520",950,540,400,270,210,"35,510"
308,NORTH COAST,WOODLANDS,510,580,740,"1,020","1,190","1,100",940,960,"1,020","1,180","1,340","1,200",980,800,430,330,190,110,"14,610"
309,SENOKO WEST,WOODLANDS,-,-,-,-,-,-,-,-,-,-,-,-,-,-,-,-,-,-,20
310,WOODGROVE,WOODLANDS,"1,360","1,800","2,340","3,470","3,450","2,570","2,320","2,310","2,800","3,600","3,240","2,540","1,640","1,000",540,410,270,200,"35,850"
311,WOODLANDS EAST,WOODLANDS,"4,930","6,210","7,040","7,900","6,860","6,730","7,400","8,010","9,200","8,400","7,780","5,890","3,840","2,360","1,160",920,550,360,"95,510"
312,WOODLANDS REGIONAL CENTRE,WOODLANDS,-,-,-,-,-,-,-,-,-,-,-,-,-,-,-,-,-,-,-
313,WOODLANDS SOUTH,WOODLANDS,"2,230","2,550","2,630","2,780","2,310","2,490","3,070","3,190","3,200","2,860","2,540","2,120","1,600","1,070",530,350,220,140,"35,840"
314,WOODLANDS WEST,WOODLANDS,"1,370","1,450","1,690","2,350","2,950","2,450","2,320","1,950","2,220","2,670","2,960","2,790","2,070","1,470",860,690,400,240,"32,890"
315,KHATIB,YISHUN,340,440,490,640,920,900,780,720,770,810,"1,060","1,030",770,540,280,170,120,80,"10,850"
316,LOWER SELETAR,YISHUN,290,210,210,180,140,300,340,230,260,240,190,110,60,50,30,20,10,10,"2,870"
317,NEE SOON,YISHUN,50,40,50,50,50,60,40,70,80,80,80,60,50,50,40,20,20,10,900
318,NORTHLAND,YISHUN,"1,110","1,460","1,630","1,970","2,380","2,490","2,220","2,270","2,270","2,340","2,800","2,690","1,910","1,270",640,460,260,220,"30,380"
319,SPRINGLEAF,YISHUN,140,170,220,260,350,290,190,250,250,250,310,330,300,250,130,90,40,50,"3,880"
320,YISHUN CENTRAL,YISHUN,50,70,50,110,150,120,120,80,70,110,150,140,120,70,40,20,10,10,"1,490"
321,YISHUN EAST,YISHUN,"4,580","3,210","2,850","3,110","3,600","5,010","6,470","4,800","3,890","3,660","4,060","3,340","2,570","1,720",820,590,360,230,"54,880"
322,YISHUN SOUTH,YISHUN,"1,430","1,770","1,980","2,350","3,120","3,290","2,700","2,750","2,940","2,790","3,600","3,310","2,630","1,800",930,670,430,360,"38,840"
323,YISHUN WEST,YISHUN,"2,240","2,590","2,960","3,520","3,930","4,550","4,200","4,250","4,570","4,690","5,110","4,940","3,900","2,590","1,520","1,140",680,520,"57,890"